-- phpMyAdmin SQL Dump
-- version 5.0.4
-- https://www.phpmyadmin.net/
--
-- Máy chủ: localhost:3306
-- Thời gian đã tạo: Th12 13, 2020 lúc 03:55 PM
-- Phiên bản máy phục vụ: 5.7.24
-- Phiên bản PHP: 7.2.19

SET SQL_MODE = "NO_AUTO_VALUE_ON_ZERO";
START TRANSACTION;
SET time_zone = "+00:00";


/*!40101 SET @OLD_CHARACTER_SET_CLIENT=@@CHARACTER_SET_CLIENT */;
/*!40101 SET @OLD_CHARACTER_SET_RESULTS=@@CHARACTER_SET_RESULTS */;
/*!40101 SET @OLD_COLLATION_CONNECTION=@@COLLATION_CONNECTION */;
/*!40101 SET NAMES utf8mb4 */;

--
-- Cơ sở dữ liệu: `upload`
--

-- --------------------------------------------------------

--
-- Cấu trúc bảng cho bảng `accounts`
--

CREATE TABLE `accounts` (
  `id` int(11) NOT NULL,
  `username` varchar(50) NOT NULL,
  `password` varchar(255) NOT NULL,
  `level` tinyint(1) NOT NULL,
  `firstName` varchar(255) NOT NULL,
  `lastName` varchar(255) NOT NULL,
  `ban` tinyint(1) NOT NULL DEFAULT '0' COMMENT 'Khóa acc',
  `createBy` varchar(50) NOT NULL,
  `dateCreate` double NOT NULL,
  `maxSize` double NOT NULL
) ENGINE=InnoDB DEFAULT CHARSET=utf8;

--
-- Đang đổ dữ liệu cho bảng `accounts`
--

INSERT INTO `accounts` (`id`, `username`, `password`, `level`, `firstName`, `lastName`, `ban`, `createBy`, `dateCreate`, `maxSize`) VALUES
(1, 'admin', '$2y$10$3LTV03Eys4olpSCi1zeOBuWUa2S63Xlu8fPfal2QS1GVEIS6n.5ja', 3, 'Nguyễn Quốc', 'Trung', 0, '', 1607006307, 104857600),
(2, 'quangminh3101', '$2y$10$W8anBraOP/STkT/Z6kaa4.yx1TdJ2yyap9Wm2EhLj5/eYQdye1VBq', 3, 'Nguyễn Thái Quang', 'Minh', 0, 'admin', 1607486573, 0);

-- --------------------------------------------------------

--
-- Cấu trúc bảng cho bảng `ci_sessions`
--

CREATE TABLE `ci_sessions` (
  `id` varchar(128) NOT NULL,
  `ip_address` varchar(45) NOT NULL,
  `timestamp` int(10) UNSIGNED NOT NULL DEFAULT '0',
  `data` blob NOT NULL
) ENGINE=InnoDB DEFAULT CHARSET=utf8;

--
-- Đang đổ dữ liệu cho bảng `ci_sessions`
--

INSERT INTO `ci_sessions` (`id`, `ip_address`, `timestamp`, `data`) VALUES
('1io50o94pnjv5i8pin70jh769r83jajo', '127.0.0.1', 1607869090, 0x5f5f63695f6c6173745f726567656e65726174657c693a313630373836393038393b),
('1jnj05re9uht95kecmqefu92nas59bob', '::1', 1607485150, 0x5f5f63695f6c6173745f726567656e65726174657c693a313630373438353135303b),
('4fgper57g7mqdfce2jfgo544hv6jclpu', '127.0.0.1', 1607452584, 0x5f5f63695f6c6173745f726567656e65726174657c693a313630373435323538343b69647c733a313a2231223b757365726e616d657c733a353a2261646d696e223b6c6576656c7c733a313a2233223b66697273744e616d657c733a31353a224e677579e1bb856e205175e1bb9163223b6c6173744e616d657c733a353a225472756e67223b62616e7c733a313a2230223b63726561746542797c733a303a22223b646174654372656174657c733a31303a2231363037303036333037223b),
('4jo8napmhrsr90ev0dne9e1c5f8lolpi', '127.0.0.1', 1607485213, 0x5f5f63695f6c6173745f726567656e65726174657c693a313630373438353231333b),
('4t5mk20vvcbu26nct8verb6i59dlbkle', '127.0.0.1', 1607869129, 0x5f5f63695f6c6173745f726567656e65726174657c693a313630373836393038393b69647c733a313a2231223b757365726e616d657c733a353a2261646d696e223b6c6576656c7c733a313a2233223b66697273744e616d657c733a31353a224e677579e1bb856e205175e1bb9163223b6c6173744e616d657c733a353a225472756e67223b62616e7c733a313a2230223b63726561746542797c733a303a22223b646174654372656174657c733a31303a2231363037303036333037223b6d617853697a657c733a393a22313034383537363030223b),
('749jpmlckt6qfg0j1v74d938926i8er4', '127.0.0.1', 1607485737, 0x5f5f63695f6c6173745f726567656e65726174657c693a313630373438353733373b),
('75strni2is2ajhkpe6nq0dhmbv802fji', '::1', 1607482192, 0x5f5f63695f6c6173745f726567656e65726174657c693a313630373438323139323b),
('bjj4u442j8i1idfh8k0ormr7npkmbkk1', '::1', 1607482855, 0x5f5f63695f6c6173745f726567656e65726174657c693a313630373438323835353b),
('dl13i7el5uk8edb8hfci8eielccialo7', '127.0.0.1', 1607486421, 0x5f5f63695f6c6173745f726567656e65726174657c693a313630373438363432313b69647c733a313a2231223b757365726e616d657c733a353a2261646d696e223b6c6576656c7c733a313a2233223b66697273744e616d657c733a31353a224e677579e1bb856e205175e1bb9163223b6c6173744e616d657c733a353a225472756e67223b62616e7c733a313a2230223b63726561746542797c733a303a22223b646174654372656174657c733a31303a2231363037303036333037223b6d617853697a657c733a393a22313034383537363030223b),
('fl8007f4bmm3ggvqv4518u9g3vh5683l', '::1', 1607485498, 0x5f5f63695f6c6173745f726567656e65726174657c693a313630373438353439303b),
('j6ejgqocs8ek3j1semg7co514cloedqd', '::1', 1607482548, 0x5f5f63695f6c6173745f726567656e65726174657c693a313630373438323534383b),
('judakul9cf4nt87ht52qo69v6pu782mt', '::1', 1607483164, 0x5f5f63695f6c6173745f726567656e65726174657c693a313630373438333136343b),
('lkb3k20c69g3oerl2maiq4o00r4l42de', '127.0.0.1', 1607487485, 0x5f5f63695f6c6173745f726567656e65726174657c693a313630373438373231363b69647c733a313a2231223b757365726e616d657c733a353a2261646d696e223b6c6576656c7c733a313a2233223b66697273744e616d657c733a31353a224e677579e1bb856e205175e1bb9163223b6c6173744e616d657c733a353a225472756e67223b62616e7c733a313a2230223b63726561746542797c733a303a22223b646174654372656174657c733a31303a2231363037303036333037223b6d617853697a657c733a393a22313034383537363030223b),
('n53ak9ma6dpddir6hv0k5keeu9l2rhl3', '::1', 1607485490, 0x5f5f63695f6c6173745f726567656e65726174657c693a313630373438353439303b),
('pflvcv3eh6sd124f0o608alm4avcrg3l', '127.0.0.1', 1607487216, 0x5f5f63695f6c6173745f726567656e65726174657c693a313630373438373231363b69647c733a313a2231223b757365726e616d657c733a353a2261646d696e223b6c6576656c7c733a313a2233223b66697273744e616d657c733a31353a224e677579e1bb856e205175e1bb9163223b6c6173744e616d657c733a353a225472756e67223b62616e7c733a313a2230223b63726561746542797c733a303a22223b646174654372656174657c733a31303a2231363037303036333037223b6d617853697a657c733a393a22313034383537363030223b),
('qbuq7o00pum3is4litg52ukq9udr7ds2', '127.0.0.1', 1607452585, 0x5f5f63695f6c6173745f726567656e65726174657c693a313630373435323538343b69647c733a313a2231223b757365726e616d657c733a353a2261646d696e223b6c6576656c7c733a313a2233223b66697273744e616d657c733a31353a224e677579e1bb856e205175e1bb9163223b6c6173744e616d657c733a353a225472756e67223b62616e7c733a313a2230223b63726561746542797c733a303a22223b646174654372656174657c733a31303a2231363037303036333037223b),
('t0iol5qinm1lr5vkme4r0mlgci1qh393', '::1', 1607481834, 0x5f5f63695f6c6173745f726567656e65726174657c693a313630373438313833343b),
('t907figpg34d6vqr4jq3ma7lsd1nmf3r', '127.0.0.1', 1607486117, 0x5f5f63695f6c6173745f726567656e65726174657c693a313630373438363131373b69647c733a313a2231223b757365726e616d657c733a353a2261646d696e223b6c6576656c7c733a313a2233223b66697273744e616d657c733a31353a224e677579e1bb856e205175e1bb9163223b6c6173744e616d657c733a353a225472756e67223b62616e7c733a313a2230223b63726561746542797c733a303a22223b646174654372656174657c733a31303a2231363037303036333037223b6d617853697a657c733a393a22313034383537363030223b),
('tvmuf1th2hv7sbogp1eogc810p81kjok', '127.0.0.1', 1607452050, 0x5f5f63695f6c6173745f726567656e65726174657c693a313630373435323035303b69647c733a313a2231223b757365726e616d657c733a353a2261646d696e223b6c6576656c7c733a313a2233223b66697273744e616d657c733a31353a224e677579e1bb856e205175e1bb9163223b6c6173744e616d657c733a353a225472756e67223b62616e7c733a313a2230223b63726561746542797c733a303a22223b646174654372656174657c733a31303a2231363037303036333037223b);

-- --------------------------------------------------------

--
-- Cấu trúc bảng cho bảng `files`
--

CREATE TABLE `files` (
  `id` int(11) NOT NULL,
  `fileName` varchar(50) NOT NULL,
  `note` text NOT NULL COMMENT 'Mô tả',
  `size` varchar(255) NOT NULL,
  `sizeBytes` int(11) NOT NULL,
  `totalFile` int(11) NOT NULL,
  `dateUpload` double NOT NULL,
  `status` tinyint(1) NOT NULL COMMENT '0: Chỉ mình tôi\r\n1: share link\r\n2: Công khai',
  `keyPrivate` varchar(255) NOT NULL,
  `user` varchar(50) NOT NULL
) ENGINE=InnoDB DEFAULT CHARSET=utf8;

--
-- Đang đổ dữ liệu cho bảng `files`
--

INSERT INTO `files` (`id`, `fileName`, `note`, `size`, `sizeBytes`, `totalFile`, `dateUpload`, `status`, `keyPrivate`, `user`) VALUES
(2, '1234', '', '1,64 MB', 1717787, 5, 1607486248, 0, 'CWDkaPe7oQPRzMN', 'admin'),
(3, '123', '', '1,59 MB', 1667175, 2, 1607486649, 2, 'v6mhOkqpM3hDpBr', 'quangminh3101'),
(4, 'Logo ', '', '4,47 MB', 4688264, 2, 1607486731, 2, 'CgC8oX9vx2NNykL', 'admin'),
(5, 'abc', '', '1,91 MB', 2001725, 1, 1607487483, 2, 'bxLGQ6WVN1xo0ir', 'admin');

-- --------------------------------------------------------

--
-- Cấu trúc bảng cho bảng `file_details`
--

CREATE TABLE `file_details` (
  `id` int(11) NOT NULL,
  `fileId` int(11) NOT NULL,
  `dirFile` text NOT NULL
) ENGINE=InnoDB DEFAULT CHARSET=utf8;

--
-- Đang đổ dữ liệu cho bảng `file_details`
--

INSERT INTO `file_details` (`id`, `fileId`, `dirFile`) VALUES
(13, 2, 'uploads/user_upload/admin/BaoCao_1_1.docx'),
(14, 2, 'uploads/user_upload/admin/BaoCao (1)_1.docx'),
(15, 2, 'uploads/user_upload/admin/BaoCao_2.docx'),
(16, 2, 'uploads/user_upload/admin/bao-cao_1.docx'),
(17, 2, 'uploads/user_upload/admin/z2210497168326_f45629a43ba42bad22aa682c52460d4d_1.jpg'),
(18, 3, 'uploads/user_upload/quangminh3101/Takashi sushi_Logo.cdr'),
(19, 3, 'uploads/user_upload/quangminh3101/Takashi sushi_Logo.eps'),
(20, 4, 'uploads/user_upload/admin/Takashi sushi_Logo.eps'),
(21, 4, 'uploads/user_upload/admin/logo1.3.psd'),
(22, 5, 'uploads/user_upload/admin/source.zip');

--
-- Chỉ mục cho các bảng đã đổ
--

--
-- Chỉ mục cho bảng `accounts`
--
ALTER TABLE `accounts`
  ADD PRIMARY KEY (`id`),
  ADD UNIQUE KEY `username` (`username`);

--
-- Chỉ mục cho bảng `ci_sessions`
--
ALTER TABLE `ci_sessions`
  ADD PRIMARY KEY (`id`),
  ADD KEY `ci_sessions_timestamp` (`timestamp`);

--
-- Chỉ mục cho bảng `files`
--
ALTER TABLE `files`
  ADD PRIMARY KEY (`id`),
  ADD UNIQUE KEY `fileName` (`fileName`),
  ADD KEY `user` (`user`);

--
-- Chỉ mục cho bảng `file_details`
--
ALTER TABLE `file_details`
  ADD PRIMARY KEY (`id`),
  ADD KEY `file_details_ibfk_1` (`fileId`);

--
-- AUTO_INCREMENT cho các bảng đã đổ
--

--
-- AUTO_INCREMENT cho bảng `accounts`
--
ALTER TABLE `accounts`
  MODIFY `id` int(11) NOT NULL AUTO_INCREMENT, AUTO_INCREMENT=3;

--
-- AUTO_INCREMENT cho bảng `files`
--
ALTER TABLE `files`
  MODIFY `id` int(11) NOT NULL AUTO_INCREMENT, AUTO_INCREMENT=6;

--
-- AUTO_INCREMENT cho bảng `file_details`
--
ALTER TABLE `file_details`
  MODIFY `id` int(11) NOT NULL AUTO_INCREMENT, AUTO_INCREMENT=23;

--
-- Các ràng buộc cho các bảng đã đổ
--

--
-- Các ràng buộc cho bảng `files`
--
ALTER TABLE `files`
  ADD CONSTRAINT `files_ibfk_1` FOREIGN KEY (`user`) REFERENCES `accounts` (`username`);

--
-- Các ràng buộc cho bảng `file_details`
--
ALTER TABLE `file_details`
  ADD CONSTRAINT `file_details_ibfk_1` FOREIGN KEY (`fileId`) REFERENCES `files` (`id`) ON DELETE CASCADE;
COMMIT;

/*!40101 SET CHARACTER_SET_CLIENT=@OLD_CHARACTER_SET_CLIENT */;
/*!40101 SET CHARACTER_SET_RESULTS=@OLD_CHARACTER_SET_RESULTS */;
/*!40101 SET COLLATION_CONNECTION=@OLD_COLLATION_CONNECTION */;
